01_game_name,02_hltb_name,03_hltb_id,04_time_main,05_time_plus,06_time_100,07_time_allstyle,08_count_main,09_count_plus,10_count_100,11_count_allstyle,12_count_completed,13_count_speedrun,14_count_backlog,15_count_playing,16_count_retired,17_review_score,18_count_review
GRID 2,race driver: grid,7510,71718,86500,126557,88341,81,40,45,166,597,0,3099,24,684,77,176
BioShock,bioshock,1065,43557,56197,80125,50858,2848,2082,558,5488,16701,11,14670,224,2203,85,4178
Bejeweled 2 Deluxe,bejeweled 2,1000,5712,11268,18422,8806,5,5,3,13,42,0,148,3,38,68,13
Indigo Prophecy,indigo prophecy / fahrenheit,4672,29235,32716,34437,31142,310,139,102,551,1677,2,2732,30,172,72,490
Championship Manager 2010,championship manager 2010,19549,0,0,0,0,0,0,0,0,1,0,7,0,6,0,0
The Movies,the movies,10101,106467,128960,0,110860,9,3,0,12,46,0,53,3,17,72,30
The Book of Unwritten Tales,the book of unwritten tales,9790,46197,55828,56481,50603,106,27,54,187,500,0,1122,6,62,79,92
Dark Void,dark void,2230,25554,34122,58923,28155,69,17,2,88,215,0,501,0,42,57,83
Crysis 2,crysis 2,2069,32794,43201,54477,36518,765,273,63,1101,3660,1,5679,40,709,73,904
Alan Wake,alan wake,319,40281,51819,93503,46634,1458,1119,186,2763,7575,2,8438,99,795,79,1951
Homefront,homefront,4494,14965,19897,34200,16398,672,161,25,858,2186,1,2954,47,388,59,566
Alpha Protocol,alpha protocol,401,46999,62404,92516,56999,230,270,45,545,1547,3,3927,30,418,72,428
LEGO The Lord of the Rings,lego the lord of the rings: the video game,5265,36271,60693,120677,66985,291,169,297,757,1968,2,4344,79,331,74,491
Age of Empires Online,age of empires online,27489,64800,0,1080000,191925,3,0,1,4,34,0,131,8,143,76,7
Duke Nukem Forever,duke nukem forever,2924,33205,44194,74465,37988,300,145,31,476,1503,1,2140,34,369,55,399
Spore,spore,8985,44388,105878,391580,77946,89,70,9,168,1057,1,1378,43,457,72,286
Mount & Blade,mount & blade,6243,153944,328680,612805,186975,20,5,3,28,268,0,1814,22,441,74,47
Lost Planet 3,lost planet 3,5396,38077,53203,68550,45559,71,67,4,142,340,0,2162,20,146,61,107
The Darkness II,the darkness ii,9830,21729,29447,53034,25128,668,282,110,1060,2915,3,5183,60,397,74,662
Dragon Age II,dragon age ii,2756,95120,133937,208210,137364,247,819,240,1306,2683,3,2305,11,173,73,974
BioShock 2,bioshock 2,1066,38646,51799,83216,46285,1361,1178,247,2786,8794,2,14840,128,1749,78,2186
Just Cause 2,just cause 2,4905,63885,124289,313926,108653,397,438,111,946,3435,2,7772,79,1548,74,697
Evolve,evolve,16639,16540,25448,221460,37652,18,8,6,32,239,0,906,6,938,55,81
Football Manager 2010,football manager 2010,3628,1154057,1475819,1887291,1202875,7,6,0,13,57,0,39,2,73,78,18
Pro Evolution Soccer 2016,pro evolution soccer 2016,30359,145336,278940,343260,164248,11,2,1,14,57,0,38,0,42,73,30
Lost Horizon,lost horizon,5386,36715,39358,41974,38586,26,11,8,45,98,0,466,6,28,78,30
Guild Wars Trilogy,,,,,,,,,,,,,,,,,
Trapped Dead,trapped dead,10617,37019,41940,47250,39924,3,2,4,9,28,0,386,3,74,51,9
Bulletstorm,bulletstorm,1383,26900,33154,59176,28977,818,278,28,1124,3219,3,2918,36,275,74,927
The Void,the void,10248,88762,107302,155520,100413,18,9,5,32,81,1,1082,10,129,81,25
Ski Region Simulator,ski region simulator,22884,0,0,0,0,0,0,0,0,1,0,19,1,2,30,1
Demigod,demigod,2429,13050,29227,129600,22147,6,2,1,9,41,0,409,3,115,68,11
F1 Race Stars,f1 race stars,3309,44778,73128,80994,64800,7,6,5,18,51,0,432,10,74,61,18
Guild Wars,guild wars: prophecies,4158,305521,488536,1273788,534740,15,11,3,29,180,0,257,7,196,78,55
Trine 2,trine 2,10652,29688,41497,80868,36884,284,202,46,532,2691,1,6536,62,821,76,426
Bejeweled Twist,bejeweled twist,1002,12600,0,0,12600,2,0,0,2,16,0,71,3,18,50,2
The Night of the Rabbit,the night of the rabbit,12205,34349,50698,55373,47696,30,42,45,117,306,0,1408,19,67,70,61
Still Life 2,still life 2,9212,34950,36864,47858,39627,20,7,8,35,95,0,748,10,40,58,23
F.E.A.R. Perseus Mandate,f.e.a.r. perseus mandate,3299,18177,22189,25061,19439,226,85,41,352,1152,0,3962,28,408,68,244
A Vampyre Story,a vampyre story,142,24080,27263,36000,26721,8,1,3,12,37,0,98,0,13,69,13
The Next BIG Thing,the next big thing,10113,22046,25896,26912,24254,41,10,17,68,213,0,448,5,34,68,45
Breach,breach,65180,0,0,0,0,0,0,0,0,3,0,56,1,18,0,0
Far Cry,far cry,3376,47376,58228,68467,51749,353,84,94,531,1720,4,2749,25,502,71,446
Knights of Honor,knights of honor,5102,39000,0,114390,83210,2,0,4,6,30,0,209,4,34,80,12
Alter Ego,alter ego,408,32678,0,35520,33896,11,0,4,15,53,0,224,1,18,58,14
APB Reloaded,apb: reloaded,517,140400,0,0,140400,1,0,0,1,50,0,339,21,479,49,27
Sacred Gold,sacred gold,8053,69170,150283,300809,136457,10,25,1,36,112,0,619,11,84,73,31
Call of Duty 2,call of duty 2,1465,29867,34575,40389,31964,420,74,82,576,2218,3,665,24,106,78,642
Dead Space 2,dead space 2,2335,32806,41520,58458,36506,1005,513,91,1609,4293,11,6639,67,340,83,1265
Rugby League Team Manager 2015,,,,,,,,,,,,,,,,,
Rayman Origins,rayman origins,7619,39617,51687,77237,49435,253,238,121,612,1963,0,3075,26,301,82,717
Fable III,fable iii,3316,47533,92487,164196,78478,158,242,43,443,1686,5,2069,16,240,67,461
Far Cry 3,far cry 3,3378,56221,91685,133329,86712,1217,1798,745,3760,10470,5,6932,92,779,83,2743
Monopoly,monopoly,6139,1832,3000,3000,2412,6,2,1,9,37,1,30,1,5,58,17
R.U.S.E.,r.u.s.e.,7503,54830,87744,120162,59331,10,5,2,17,106,0,487,9,104,74,17
Stronghold Legends,stronghold legends,9282,43044,162210,363000,133522,5,3,3,11,33,0,621,6,96,61,15
BioShock Infinite,bioshock infinite,1068,41739,56538,98276,49681,3656,2623,370,6649,19049,16,14014,142,646,85,4499
Remember Me,remember me,7702,35527,42514,63058,39549,513,329,84,926,2583,1,3840,41,330,71,682
Sid Meier's Civilization V,sid meier's civilization v,8510,143599,419509,1450616,327414,189,152,39,380,3106,1,5513,109,2207,84,653
World of Zoo,world of zoo,11291,0,0,0,0,0,0,0,0,9,0,94,2,29,0,0
The First Templar,the first templar,9877,36230,48754,64397,47027,18,30,7,55,120,0,644,5,44,65,40
Wolfenstein,wolfenstein,11249,32126,38599,42059,34999,133,106,15,254,599,4,425,1,37,70,250
Supreme Commander,supreme commander,9483,66340,104460,172194,97886,16,11,8,35,216,0,1802,12,241,74,44
The Longest Journey,the longest journey,10053,63041,74942,77029,70015,132,47,59,238,742,1,1896,14,119,84,192
Wildlife Park 3,wildlife park 3,17098,0,0,108000,108000,0,0,1,1,7,0,183,2,38,30,1
NBA 2K11,nba 2k11,6428,144000,579580,2332729,279178,9,6,0,15,76,0,71,1,49,82,34
Dishonored,dishonored,2602,43640,64683,130900,58319,1817,1953,304,4074,11871,29,10903,140,815,83,2779
Dungeon Siege III,dungeon siege iii,2959,52515,63815,99267,63208,55,128,22,205,513,2,2411,27,248,67,150
Tomb Raider,tomb raider,10469,40710,55574,74677,51572,3770,3502,1474,8746,20880,9,11704,217,718,81,5221
Mass Effect,mass effect,5698,61250,99900,155279,95582,1461,2234,848,4543,10755,31,6425,74,604,84,3006
Borderlands,borderlands,1273,80615,125593,226396,117777,663,1024,231,1918,8127,0,6439,86,1652,76,1582
Overlord II,overlord ii,6850,58409,74016,91149,71624,38,57,19,114,473,0,3530,40,313,70,82
Assassin's Creed III,assassin's creed iii,655,58371,111361,196970,95112,993,970,329,2292,6834,8,4717,54,602,70,1971
Fallout 3,fallout 3,3340,80431,190441,417062,170258,485,627,212,1324,3491,11,2707,24,451,82,1133
Take On Helicopters,take on helicopters,9578,48800,50280,0,49810,3,3,0,6,21,0,653,12,101,46,5
Braid,braid,1290,18270,21591,27569,20590,567,395,179,1141,4474,14,5169,50,805,80,876
Stronghold Kingdoms,stronghold kingdoms,12373,0,1200540,0,1200540,0,1,0,1,18,0,176,10,110,40,4
Tropico 5,tropico 5,18854,77013,135766,368657,106163,44,18,7,69,386,0,2251,35,323,72,83
Gray Matter,gray matter,4088,42325,48231,50305,45635,27,13,22,62,165,1,494,2,22,74,43
Metro 2033,metro 2033,5946,34139,42389,70525,37902,894,350,86,1330,4322,6,8310,108,1370,77,808
RIFT,drift21,86046,18000,28800,43200,29400,1,1,1,3,2,0,36,3,1,100,1
Wasteland 2,wasteland 2,11099,146741,233927,388598,236886,28,187,29,244,607,0,3688,30,689,76,160
Darksiders,darksiders,2243,61498,73035,99131,70611,910,911,311,2132,5853,1,10422,102,1662,75,1383
NBA 2K13,nba 2k13,6430,265635,894630,2393075,523373,8,7,2,17,113,0,137,0,118,75,38
4 Elements,4 elements,77,29705,32418,36855,33601,19,5,33,57,138,0,119,1,27,62,27
Evil Genius,evil genius,3242,97868,98514,135348,108069,11,10,2,23,169,0,1113,17,162,70,27
Ghost Pirates of Vooju Island,ghost pirates of vooju island,3913,23040,35640,64500,30527,4,1,2,7,21,0,156,3,7,68,4
Tom Clancy's EndWar,tom clancy's endwar,10424,37647,100926,270568,50764,13,5,0,18,63,0,356,5,56,64,17
Tomb Raider II,tomb raider ii,10471,56279,67178,75670,63089,86,64,35,185,738,3,3361,36,284,79,197
Praetorians,praetorians,7268,54880,0,322200,107087,4,0,2,6,24,0,207,3,17,66,7
Might & Magic Heroes VI,might & magic: heroes vi,6020,314462,336472,703500,385659,10,9,6,25,120,0,691,17,174,66,38
Anno 2205,anno 2205,31282,69498,116098,195949,96003,18,10,3,31,100,0,176,6,52,70,27
Dead Rising 2,dead rising 2,2327,51069,63785,186556,62586,117,158,23,298,1154,0,3255,33,417,73,374
Football Manager 2014,football manager 2014,15300,1641086,2113650,6051600,1960050,7,4,1,12,131,0,106,7,220,82,25
World in Conflict,world in conflict,11281,42988,48508,58793,45079,27,16,4,47,189,0,439,5,53,79,56
Hospital Tycoon,hospital tycoon,4507,18540,0,0,18540,4,0,0,4,24,0,426,7,58,68,5
Crysis,crysis,2068,36108,43540,47474,38541,770,303,142,1215,3733,4,3424,41,466,76,998
Test Drive Unlimited 2,test drive unlimited 2,9713,99550,237378,495591,189340,16,27,3,46,175,0,417,8,200,72,53
Football Manager 2013,football manager 2013,11720,1039205,1152000,1921020,1474247,15,2,3,20,145,0,119,5,222,81,27
Stormrise,stormrise,9219,39600,0,0,39600,2,0,0,2,6,0,71,1,12,43,3
15 Days,15 days,46,23400,25503,44156,27254,7,2,1,10,18,0,64,0,9,47,9
Quake 4,quake 4,7453,28547,36344,47039,30105,173,51,17,241,621,0,875,6,83,71,213
Dungeon Defenders,dungeon defenders,2939,51556,212596,1265820,153638,63,54,10,127,1009,2,3283,32,1245,72,159
Damnation,damnation,2152,29488,33018,36970,31564,18,9,0,27,64,0,389,6,36,45,26
Dawn of Discovery,dawn of discovery: venice,28176,0,0,0,0,0,0,0,0,19,0,150,2,24,90,4
Far Cry 4,far cry 4,19310,63344,112501,164991,109755,655,1164,551,2370,5298,5,4158,60,463,76,1609
Anno 2070,anno 2070,491,89273,140639,586513,133749,27,22,5,54,307,0,1248,19,412,72,70
Street Fighter IV,street fighter iv,9244,9139,73056,436062,33880,41,24,4,69,364,1,291,2,142,77,131
The Secret World,the secret world,10163,109200,811936,1965749,820252,3,9,3,15,82,0,891,15,463,73,32
Dying Light,dying light,21252,62769,126230,199329,108135,673,964,178,1815,4551,5,3317,120,505,78,1190
X Rebirth,x rebirth,11360,54000,426376,0,223786,1,2,0,3,25,0,272,5,74,60,4
Mini Ninjas,mini ninjas,6074,28578,39953,56438,34490,71,44,20,135,377,1,1996,27,210,70,109
Trine,trine,10651,22093,30335,55627,27643,643,342,154,1139,4001,4,4964,69,560,75,703
F.E.A.R. 3,f.e.a.r. 3,3296,21329,29239,54435,23293,397,136,28,561,1994,5,4749,44,435,61,478
Mass Effect 2,mass effect 2,5699,87918,127718,180913,129838,830,2168,874,3872,9626,8,7405,53,424,90,2732
TimeShift,timeshift,10361,28512,33360,35099,29257,121,18,9,148,371,0,936,8,67,67,142
Company of Heroes 2,company of heroes 2,1875,54512,80813,195301,66909,69,45,4,118,560,0,5352,98,744,73,123
Two Worlds II,two worlds ii,10732,110557,143607,181037,139210,25,60,17,102,284,0,2104,19,308,64,75
Sengoku,sengoku,18245,14286,0,0,14286,1,0,0,1,14,0,339,2,75,43,4
Cities XL 2012,cities xl 2012,1721,0,0,0,0,0,0,0,0,16,0,109,5,97,63,3
Pro Evolution Soccer 2014,pro evolution soccer 2014,14188,57665,165000,4500000,489611,2,1,3,6,59,0,92,5,43,58,35
Worldwide Soccer Manager 2009,football manager 2009,3627,467472,957150,1584125,592066,5,6,2,13,43,0,25,0,58,77,15
Tropico 4,tropico 4,10674,144758,218112,367908,214700,52,48,31,131,748,0,4359,60,916,74,117
The Cursed Crusade,the cursed crusade,9823,28548,43680,74022,40546,11,8,5,24,51,0,132,1,19,49,27
Mafia II,mafia ii,5513,43621,57489,108956,51083,1032,553,139,1724,5218,1,4006,54,417,80,1293
Far Cry 2,far cry 2,3377,60126,93509,149972,82535,233,267,70,570,1784,2,4403,47,873,68,542
The Last Remnant,the last remnant,9999,219746,272931,537762,291407,24,64,21,109,308,0,4152,28,436,72,118
Sid Meier's Civilization IV,sid meier's civilization iv,8505,46109,152175,413330,99147,49,29,6,84,679,1,2665,24,928,82,153
Impossible Creatures,impossible creatures,4640,34986,48480,57670,40498,5,4,3,12,36,0,212,2,31,71,12
NBA 2K12,nba 2k12,6429,253620,319500,777000,333431,6,4,1,11,94,0,67,0,58,78,44
Lara Croft and the Temple of Osiris,lara croft and the temple of osiris,21699,18626,24762,47319,23218,130,111,22,263,791,0,3698,67,291,68,221
Assassin's Creed II,assassin's creed ii,651,68962,95066,126336,93476,1243,1852,1051,4146,11831,3,5471,94,581,83,3233
Football Manager 2015,football manager 2015,22387,1379829,1762347,2946966,1739513,7,9,1,17,118,0,84,4,146,83,25
Grand Theft Auto IV,grand theft auto iv,4062,99845,146580,274009,125141,931,802,168,1901,6287,10,5312,107,1155,82,1678
Grand Theft Auto III,grand theft auto iii,4061,54363,74570,142782,70531,489,307,150,946,3581,6,4749,67,891,76,972
Imperial Glory,imperial glory,4635,40855,0,55800,46437,4,0,2,6,14,0,179,2,11,83,4
Jack Keane,jack keane,4778,37520,39600,0,38404,12,3,0,15,38,0,159,2,20,68,11
RollerCoaster Tycoon,rollercoaster tycoon,7958,217897,289800,559688,280391,13,3,4,20,132,0,191,2,37,82,63
Rocksmith,rocksmith,7932,53280,201680,763416,143062,5,6,0,11,75,0,323,2,186,74,21
Pillars of Eternity,pillars of eternity,13434,129337,226271,379335,231913,111,486,121,718,1557,0,5374,67,431,80,413
Farming Simulator 2013,farming simulator 2013,12703,96900,113400,669120,370389,2,2,6,10,41,0,271,2,120,64,5
Cities in Motion,cities in motion,1717,82883,121500,192188,117405,4,4,4,12,63,0,638,8,152,59,7
Contrast,contrast,14349,11876,13477,14844,13484,192,165,239,596,1421,1,1504,14,123,67,371
F1 2012,f1 2012,3307,130800,182745,236115,199475,12,3,3,18,109,0,346,7,132,74,28
Sonic & All-Stars Racing Transformed,sonic & all-stars racing transformed,8739,26720,64716,155804,53189,134,135,37,306,1210,2,3051,43,452,78,338
Post Mortem,post mortem,7238,23149,28462,29754,25887,25,10,11,46,108,0,597,7,47,64,27
Call of Juarez,call of juarez,1485,28325,34068,38945,30604,164,79,29,272,640,0,950,11,83,72,215
Oil Rush,oil rush,6721,35361,38046,55913,41054,8,2,4,14,67,0,1856,19,324,41,17
Darksiders II,darksiders ii,2245,77268,103697,158612,95940,266,317,62,645,1968,1,4823,37,771,77,465
The Binding of Isaac,the binding of isaac,9781,39274,169270,491676,151570,193,148,108,449,2430,6,4938,86,1942,77,470
Airline Tycoon 2,airline tycoon 2,304,0,90000,0,90000,0,1,0,1,9,0,201,1,67,70,1
DarkStar One,darkstar one,2255,79566,84708,90284,87384,1,11,9,21,60,0,368,3,67,76,13
Blur,blur,1213,35247,48505,77322,40237,31,12,7,50,241,0,423,6,134,74,101
Left 4 Dead 2,left 4 dead 2,5212,35348,89661,186510,58580,405,292,48,745,6460,4,7454,195,2804,80,1185
Prey,prey,44590,58340,100238,160730,97323,400,1530,219,2149,3911,1,5756,105,381,83,1276
DiRT,colin mcrae: dirt,1803,44537,53905,112978,54152,35,21,11,67,222,0,260,5,63,75,75
East India Company,east india company,3040,0,0,125220,125220,0,0,1,1,6,0,176,2,27,0,0
Clive Barker's Jericho,clive barker's jericho,1751,25692,32676,36756,28936,92,25,20,137,367,1,651,4,79,65,118
Pro Evolution Soccer 2013,pro evolution soccer 2013,7324,277870,416101,623097,364161,9,5,0,14,90,0,30,5,32,73,48
Risen,risen,7843,99090,131827,163897,130634,96,241,89,426,908,0,3059,37,413,75,249
Saints Row 2,saints row 2,8072,72089,105368,179502,93030,275,326,64,665,2562,0,5475,69,955,76,531
Star Trek Online,star trek online,9055,654040,1070700,2266237,1021920,6,6,1,13,71,0,583,24,439,56,15
GTR Evolution,gtr evolution,4144,2400,0,0,2400,2,0,0,2,29,0,1031,19,252,50,1
Silent Hunter III,silent hunter iii,8537,72000,237600,0,192000,2,1,0,3,9,0,156,1,29,84,5
Split/Second,split / second,8976,35231,47864,70931,40745,55,35,11,101,305,0,517,14,68,75,146
TERA,tera,9697,115406,646926,2513353,329903,8,8,3,19,172,0,916,28,1028,65,80
F1 2011,f1 2011,3306,65190,79769,235440,81324,7,4,1,12,79,0,247,2,61,69,25
Singularity,singularity,8585,25503,31788,46341,28604,299,154,27,480,1152,0,1105,11,73,73,374
Captain Morgane and the Golden Turtle,captain morgane and the golden turtle,1517,33881,36790,37543,35121,8,1,6,15,43,0,200,2,19,60,15
Order of War,order of war,6801,68965,0,0,68965,2,0,0,2,8,0,387,6,23,80,1
Off-Road Drive,off-road drive,6712,25200,0,0,25200,2,0,0,2,8,0,214,6,27,0,0
Rocket League,rocket league,27113,16371,80268,211704,100953,133,85,134,352,2113,0,3446,161,1708,79,987
Company of Heroes,company of heroes,1874,69717,91084,302235,83125,119,62,10,191,1008,0,5691,52,1588,81,213
Football Manager 2012,football manager 2012,3630,1496708,1566360,1810390,1709755,11,5,2,18,113,0,72,5,171,78,29
Act of Aggression,act of aggression,29836,40641,0,0,40641,8,0,0,8,21,0,133,3,30,70,8
Defiance,defiance,2414,108000,133201,0,129856,1,7,0,8,99,0,785,20,555,60,29
Project CARS,project cars,20072,120538,238225,397324,160687,25,13,4,42,168,0,1859,41,361,72,69
Overlord,overlord,6848,63608,74991,99100,73633,78,92,32,202,804,0,3571,37,495,71,171
Assassin's Creed,assassin's creed,649,53925,71910,110752,64760,1278,1050,328,2656,9111,8,4044,79,737,69,2491
Football Manager 2011,football manager 2011,3629,1234580,1831382,2493746,1556155,6,6,1,13,58,0,33,2,90,75,17
Worms Reloaded,worms: reloaded,11314,34104,77780,156830,63594,7,11,3,21,225,0,1524,21,456,70,36
Sonic Generations,sonic generations,8763,20293,36867,85161,30436,492,277,138,907,3045,2,4368,60,412,77,858
Trials Fusion,trials fusion,17507,24037,85532,335689,44661,77,42,4,123,382,0,1072,12,212,71,166
Sniper Elite,sniper elite,8678,46122,54147,72494,50923,56,19,11,86,315,0,1758,30,231,63,64
Homeworld Remastered Collection,homeworld: remastered collection,24517,76298,77090,123941,90530,20,16,20,56,219,0,1954,22,136,82,40
Syberia,syberia,9521,34809,42161,43980,38125,228,63,99,390,1193,3,3127,58,212,76,294
Max Payne 3,max payne 3,5739,36170,46244,111217,39094,1385,558,44,1987,5975,5,4805,58,326,80,1470
The Testament of Sherlock Holmes,the testament of sherlock holmes,10227,43975,47056,48827,45239,76,44,64,184,525,0,1362,18,100,75,113
Just Cause 3,just cause 3,26404,64589,132315,219398,131689,256,546,227,1029,2682,1,5405,109,624,71,645
Ridge Racer Unbounded,ridge racer: unbounded,7812,27976,48019,66078,38009,17,8,5,30,76,0,670,12,99,59,26
Bejeweled 3,bejeweled 3,1001,15214,40559,166683,48061,34,34,21,89,320,0,1272,20,331,71,74
Port Royale 2,port royale 2,7227,82818,136200,360000,154082,1,3,1,5,21,0,164,1,17,76,9
Devil May Cry 4,devil may cry 4,2499,40166,52331,222917,46012,276,101,10,387,1475,0,1771,11,184,78,460
Emergency 2012,emergency 2012: the quest for peace,24124,69960,0,0,69960,1,0,0,1,3,0,1,0,5,60,1
GRID,grid,69224,76792,118562,200357,117764,26,31,17,74,140,0,1003,31,72,63,66
Euro Truck Simulator,euro truck simulator,3198,75090,181800,337940,155180,6,3,3,12,47,0,574,16,211,61,14
Hotel Giant 2,hotel giant 2,4528,11640,0,0,11640,2,0,0,2,5,0,83,3,11,0,0
Stronghold 3,stronghold 3,9280,25200,0,25200,25200,1,0,1,2,36,0,333,9,65,45,6
Legendary,legendary,5238,18709,22756,24897,20594,72,29,14,115,251,0,867,7,105,54,81
F1 2015,f1 2015,28936,48132,84792,142124,61458,10,5,1,16,94,0,1360,40,333,56,25
Mafia,mafia,5517,57834,66198,73893,62750,187,134,70,391,1155,1,1135,79,130,84,359
Battlefield 2,battlefield 2,935,33706,107892,354511,75490,38,13,7,58,304,0,426,9,268,81,103
Hearts of Iron III,hearts of iron iii,4368,52961,272520,878180,165002,9,2,3,14,84,0,963,11,249,76,19
War for the Overworld,war for the overworld,25538,51572,91566,165851,66512,21,11,2,34,112,0,1348,15,101,72,18
The Whispered World,the whispered world,10263,37315,42271,47611,40271,67,24,41,132,400,0,1669,25,173,69,83
Grand Theft Auto V,grand theft auto v,4064,114053,175021,287093,157481,2316,2572,690,5578,16076,23,8682,308,1196,87,4608
Max Payne,max payne,5736,29253,33209,41547,30999,901,205,91,1197,4030,3,3330,43,297,82,1057
Unreal Tournament 2004,unreal tournament 2004,10832,52795,71932,109330,60575,38,15,7,60,389,1,838,16,234,83,88
Sacred 3,sacred 3,20253,30571,33425,59469,36295,15,23,7,45,126,2,1039,14,101,53,45
Left 4 Dead,left 4 dead,5209,25111,63927,225130,37252,355,155,26,536,3807,3,3821,93,1311,79,692
Half-Life 2,half-life 2,4248,46830,55870,69880,52022,2164,874,532,3570,12585,16,9378,129,901,88,2384
Borderlands 2,borderlands 2,1274,108648,194595,463167,182557,927,1604,327,2858,10890,13,11756,196,2199,82,2282
Farming Simulator 2011,farming simulator 2011,24341,0,0,334920,334920,0,0,1,1,6,0,22,2,19,60,2
Gothic 3,gothic 3,4025,162996,254345,440752,250535,45,100,29,174,398,0,1645,22,175,73,137
Peggle Nights,peggle nights,6949,12893,24489,51302,14544,97,14,3,114,418,0,582,8,99,73,86
Half-Life,half-life,4247,43523,50390,55120,44970,1482,416,265,2163,7676,18,6276,100,872,84,1626
Virtua Tennis 4,virtua tennis 4,10966,32103,51000,139500,42399,21,3,4,28,117,0,166,5,46,74,31
Magicka,magicka,5549,37576,55120,166404,46577,209,108,17,334,2058,3,5435,63,1549,70,301
Supreme Commander 2,supreme commander 2,9484,51367,83994,165816,74528,25,14,4,43,314,0,2081,18,312,71,47
Street Fighter X Tekken,street fighter x tekken,9246,8261,31390,140705,15424,59,21,4,84,342,3,642,15,110,69,104
DiRT 2,colin mcrae: dirt 2,1804,50978,77182,105282,73772,62,53,43,158,507,0,711,5,255,79,148
EVE Online,eve online,3214,7581010,12220515,0,9729738,6,4,0,10,86,0,768,30,637,79,29
Football Manager 2016,football manager 2016,31881,974606,990000,3899925,1759304,8,4,1,13,98,0,84,6,137,79,26
Front Mission Evolved,front mission evolved,3730,26995,33240,50024,28035,48,8,1,57,164,0,875,8,114,57,38
Alone in the Dark,alone in the dark,394,33676,43782,53727,41773,36,17,21,74,227,0,623,9,70,57,98
Darkspore,darkspore,2249,60441,159900,0,79118,7,3,0,10,26,0,97,3,60,59,7
Assassin's Creed Syndicate,assassin's creed: syndicate,26706,67565,119382,194366,118515,485,949,379,1813,3840,0,4076,71,307,73,1234
Sleeping Dogs,sleeping dogs,8640,55073,79920,122655,77492,564,876,310,1750,4912,4,4262,37,546,82,1229
GRID Autosport,grid autosport,19521,116011,223731,573600,195720,26,26,6,58,181,0,1036,18,233,68,69
Blitzkrieg 2 Anthology,blitzkrieg 2,22846,73004,90000,154400,100300,3,1,3,7,19,0,189,3,15,71,7
Mortal Kombat X,mortal kombat x,21255,20133,54777,179969,28131,425,142,11,578,2110,0,1929,58,330,75,556
Spore Galactic Adventures,spore: galactic adventures,8986,29855,78527,162357,49046,9,9,3,21,207,0,647,17,188,68,21
The Inner World,the inner world,13782,24332,26019,27808,25893,43,23,33,99,246,0,1012,9,58,73,57
Men of War,men of war,5881,140370,142359,147781,142009,5,6,2,13,59,0,874,13,99,78,16
Dead Island,dead island,2302,65991,98921,172071,92893,297,498,99,894,3282,9,4848,54,1397,68,754
NBA 2K16,nba 2k16,29893,63843,255222,984313,126432,27,13,3,43,221,0,511,3,217,73,72
Terraria,terraria,9705,177952,312687,640107,342852,376,406,328,1110,4372,4,7430,218,2476,85,1117
DiRT 3,dirt 3,2574,50654,83013,146947,70606,69,55,17,141,482,0,1472,13,628,76,146
DiRT Rally,dirt rally,26481,101604,231057,517190,183027,26,10,9,45,251,0,3253,81,533,77,95
Goodbye Deponia,goodbye deponia,14153,36508,44050,44079,40445,101,46,69,216,717,1,1834,21,88,78,139
RACE On,race 07: race on,7512,0,0,0,0,0,0,0,0,3,0,148,2,27,40,1
LEGO The Hobbit,lego the hobbit,16635,31723,56670,132379,66362,172,59,159,390,1018,1,3441,79,248,68,226
Machinarium,machinarium,5478,18389,19240,21820,19050,387,80,259,726,2549,3,3723,32,421,77,534
F1 2014,f1 2014,21845,22140,105608,132208,70053,5,4,3,12,40,0,163,7,47,72,17
Portal 2,portal 2,7231,30953,49135,76391,37456,3867,1595,475,5937,23343,53,10560,259,676,91,4561
Elven Legacy,elven legacy,3091,30544,43750,146700,52974,1,3,1,5,16,0,373,4,34,63,4
Euro Truck Simulator 2,euro truck simulator 2,3199,156369,320226,1504536,423208,34,32,19,85,498,0,3070,149,938,79,215
Botanicula,botanicula,1285,12481,13851,18273,14241,198,148,127,473,1296,2,1973,16,255,76,259
World of Goo,world of goo,11283,21560,28608,49681,24316,224,107,28,359,1849,0,4178,43,804,75,338
Just Cause,just cause,4904,30186,71312,110666,44315,131,45,32,208,716,0,3529,32,562,59,182
Rocksmith 2014,rocksmith 2014,14190,330793,491280,599282,475674,7,8,5,20,130,0,836,27,218,84,48
Dead Space,dead space,2333,39660,45942,73052,43248,1364,751,171,2286,6312,9,8387,93,813,84,1765
Lost Planet 2,lost planet 2,5395,36606,54579,99515,41878,68,27,6,101,372,0,898,14,80,64,123
Section 8,section 8,8219,11227,14430,18547,11476,30,6,0,36,100,1,370,4,85,50,27
LEGO Jurassic World,lego jurassic world,24013,37667,63185,106731,77600,125,64,183,372,869,0,1299,28,79,73,207
Deponia,deponia,2448,29299,34852,37534,33062,331,139,189,659,1911,5,3278,40,367,73,370
F1 2010,f1 2010,3305,111214,148110,238512,161600,8,5,2,15,80,1,111,2,59,73,25
Cities XL 2011,cities xl 2011,1720,0,137562,0,137562,0,5,0,5,18,0,119,4,74,70,5
Clockwork Empires,clockwork empires,30668,0,0,0,0,0,0,0,0,1,0,22,1,11,0,0
Torchlight,torchlight,10527,51316,77150,162796,68648,324,335,54,713,2669,0,4149,42,967,72,482
Mirror's Edge,mirror's edge,6085,22110,29304,41567,23953,1887,475,118,2480,8309,32,7509,83,1081,75,1996
Majesty 2 Collection,majesty 2 collection,5566,67330,73320,123690,87690,1,3,2,6,43,0,691,8,80,63,6
Sid Meier's Railroads!,sid meier's railroads!,8517,56600,0,0,56600,6,0,0,6,63,0,1153,15,203,66,8
GT Legends,gt legends,4140,60900,81750,0,74262,2,3,0,5,15,0,315,4,49,64,5
The Crew,the crew,19268,68113,146328,444167,122583,91,95,19,205,526,0,878,14,204,70,192
Saints Row IV,saints row iv,12650,54933,88779,130567,85972,445,867,284,1596,5924,6,5758,94,683,75,1096
The Evil Within,the evil within,9866,55750,71510,139223,63168,869,468,68,1405,2897,6,3786,71,308,75,926
Ship Simulator Extremes,ship simulator extremes,13591,0,0,0,0,0,0,0,0,7,0,232,0,59,0,0
Venetica,venetica,10911,70015,79504,104063,81364,13,29,13,55,106,0,415,2,22,65,41
Fallout 4,fallout 4,26729,97126,291547,570522,283838,643,1620,494,2757,7462,4,8620,192,1275,76,1897
Pro Evolution Soccer 2015,pro evolution soccer 2015,22529,176658,436050,670500,312080,7,4,4,15,73,0,45,1,48,75,23
Titan Quest,titan quest,10379,92862,128330,204626,123256,55,81,21,157,727,0,3213,35,910,74,145
Railroad Tycoon 3,railroad tycoon 3,7549,96765,108000,136800,109980,4,1,2,7,33,0,524,11,81,73,6
The 7th Guest,the 7th guest,9740,28501,28689,29778,28833,40,5,17,62,187,0,680,3,44,62,43
DC Universe Online,dc universe online,2292,285249,318630,954390,386116,10,2,3,15,70,0,285,13,154,64,48
